ArtNo;OfferArtNo;Amount;Price;Weight;Set
902-00822;902-00822-7;1;29800;1,2;904-00822
802-02763;802-02763-11;1;16900;2,09;803-02763,804-02101,192-039050,191-039025,806-02101,195-035025
802-03081;802-03081-3;1;59800;2,74;804-03081
802-03081;802-03081-6;3;59800;2,75;804-03081
802-03081;802-03081-12;1;;2,9;804-03081
802-03159;802-03159-11;1;59800;3,27;904-00486,806-03160
806-03160;806-03160-13;1;59800;3,13;802-03159,904-00486
802-03080;802-03080-4;1;99800;2,99;804-03080
802-03080;802-03080-17;1;99800;3,21;804-03080
802-03161;802-03161-4;1;169800;2,33;
802-03161;802-03161-17;1;169800;2,47;
802-03162;802-03162-12;1;249800;4,3;
802-03092;802-03092-7;1;49800;0,93;
802-00821;802-00821-4;1;39800;1,56;904-00821,195-041050
806-02101;806-02101-13;1;17300;2,28;802-02763,803-02763,804-02101,192-039050,191-039025,195-035025
802-03068;802-03068-4;1;13800;2,7;803-03068
806-03094;806-03094-13;3;15900;2,35;195-020025
802-03073;802-03073-4;1;29800;1,91;
906-00826;906-00826-13;1;29900;2,18;
192-006020;192-006020;1;16900;3,42;191-006010
195-017022;195-017022-8;2;16900;1,88;195-021033,195-022066,195-023110
195-017022;195-017022-13;9;16900;1,98;195-021033,195-022066,195-023110
195-021033;195-021033-8;1;19900;2,03;195-017022,195-022066,195-023110
195-021033;195-021033-13;1;19900;2,12;195-017022,195-022066,195-023110
195-023110;195-023110-13;2;48900;2,66;195-017022,195-021033,195-022066
194-005024;194-005024-5;3;21900;3,59;
191-007036;191-007036-6;1;19900;1,74;192-007072
191-019039;191-019039-6;1;22900;1,13;
191-019039;191-019039-12;1;22900;1,58;
804-03083;804-03083;5;55900;1,61;802-03083
803-03074;803-03074;1;19900;2,23;802-03074
804-03081;804-03081;1;119800;2,17;802-03081
804-03081;804-03081;3;119800;2,22;802-03081
192-054050;192-054050;1;43900;1,45;195-054025
192-056100;192-056100;1;79900;1,82;191-056050
192-052020;192-052020;1;13700;1,6;191-052010
192-048050;192-048050;3;28900;1,42;195-040025
192-055065;192-055065;1;49900;1,41;195-055050
904-00821;904-00821;1;79900;1,24;802-00821,195-041050
804-03080;804-03080;3;199800;2,67;802-03080
904-03186;904-03186;2;109800;3,37;
803-03068;803-03068;3;15900;3,09;802-03068
803-02763;803-02763;2;15500;2,37;802-02763,191-039025,804-02101,192-039050,806-02101,195-035025
804-02151;804-02151;3;27800;1,34;
804-02101;804-02101;1;27900;1,78;802-02763,803-02763,192-039050,191-039025,806-02101,195-035025
904-00824;904-00824;1;79900;2,19;
803-03091;803-03091;1;45800;1,63;
192-007072;192-007072;1;39900;2,92;191-007036
192-040050;192-040050;2;27900;1,38;
192-042050;192-042050;10;27900;1,42;191-042025,195-042040
192-043050;192-043050;1;29900;1,99;191-043025,195-034025
192-044100;192-044100;10;53900;1,64;
192-045100;192-045100;17;53900;1,73;191-045050
192-001100;192-001100;6;54900;3,12;191-001050
192-038100;192-038100;9;77900;1,8;191-038050
191-047010;191-047010-7;1;11900;2,65;192-047007,802-03069,803-03069
191-047010;191-047010-4;1;11900;3,02;192-047007,802-03069,803-03069
191-009014;191-009014-7;1;7900;1,9;192-009027
191-014014;191-014014-11;1;9900;2,29;192-014028
191-051040;191-051040-4;1;19900;1,63;192-051080,195-051040
195-042040;195-042040-14;1;24900;2,03;191-042025,192-042050
195-051040;195-051040-8;1;22900;1,77;192-051080,191-051040
191-041045;191-041045-7;1;18900;1,65;192-041090
191-041045;191-041045-6;1;18900;1,7;192-041090
191-006010;191-006010-3;1;8900;1,76;192-006020
191-006010;191-006010-6;1;8900;1,64;192-006020
194-030210;194-030210-1;2;109900;6,76;
194-030210;194-030210-6;2;114900;6,97;
194-030210;194-030210-11;3;119900;7,44;
191-004006;191-004006-7;1;7500;1,29;
191-004006;191-004006-1;1;7500;1,17;
191-004006;191-004006-3;2;7500;1,32;
191-004006;191-004006-6;1;7500;1,28;
191-004006;191-004006-4;4;7500;1,39;
192-002018;192-002018;2;15900;3,54;191-002015
192-014028;192-014028;1;17900;3,02;191-014014
194-031210;194-031210-1;1;109900;6,58;
191-031070;191-031070-6;1;29900;1,97;
191-031070;191-031070-4;1;29900;1,96;
191-031070;191-031070-11;1;29900;2,07;
192-051080;192-051080;1;35900;1,8;191-051040,195-051040
194-031210;194-031210-11;4;119900;7,25;
192-041090;192-041090;1;33900;2,12;191-041045
191-050025;191-050025-3;1;21500;1,45;195-050050
191-050025;191-050025-4;1;21500;1,49;195-050050
191-056050;191-056050-4;1;39900;1,5;192-056100
194-032002;194-032002-5;2;5900;1,45;195-029002
195-029002;195-029002-14;4;7900;2,06;194-032002
191-003003;191-003003-7;1;5500;1,56;
191-003003;191-003003-1;1;5500;1,67;
191-011006;191-011006-7;2;5900;1,71;
191-011006;191-011006-1;1;5900;1,71;
191-011006;191-011006-3;2;5900;1,84;
191-011006;191-011006-6;1;5900;1,8;
194-033007;194-033007-5;1;11500;1,04;
191-052010;191-052010-4;1;9100;1,45;192-052020
191-025010;191-025010-7;1;7900;2,42;192-016012,191-024003,191-048025
191-012010;191-012010-6;1;6900;1,03;
191-025010;191-025010-6;1;7900;2,55;192-016012,191-024003,191-048025
191-025010;191-025010-11;1;7900;2,72;192-016012,191-024003,191-048025
195-018010;195-018010-14;2;7900;1,48;195-037100,195-033050,195-035025,195-036025
191-048025;191-048025-7;1;18500;2,68;192-016012,191-024003,191-025010
191-013025;191-013025-1;2;15900;1,5;192-013050
191-042025;191-042025-1;1;15900;1,36;192-042050,195-042040
191-039025;191-039025-1;1;16900;1,94;192-039050,803-02763,804-02101,802-02763,806-02101,195-035025
191-043025;191-043025-1;1;16900;1,7;192-043050,195-034025
191-043025;191-043025-6;1;16900;1,7;192-043050,195-034025
191-043025;191-043025-4;1;16900;1,85;192-043050,195-034025
195-020025;195-020025-14;10;16900;1,64;806-03094
195-040025;195-040025-14;1;19900;1,64;192-048050
195-040025;195-040025-8;1;19900;1,56;192-048050
195-038025;195-038025-8;1;23900;1,58;
191-027020;191-027020-7;2;12900;1,46;
191-027020;191-027020-1;1;12900;1,38;
191-027020;191-027020-4;1;12900;1,5;
191-027020;191-027020-11;2;12900;1,73;
191-045050;191-045050-1;1;28900;1,41;192-045100
191-045050;191-045050-6;1;28900;1,64;192-045100
191-053050;191-053050-4;1;30900;2,23;192-053100,195-053050
191-001050;191-001050-6;1;29500;2,66;192-001100
191-001050;191-001050-4;1;29500;2,63;192-001100
195-053050;195-053050-8;1;31900;2,55;192-053100,191-053050
191-049100;191-049100-1;1;59900;2,26;
191-049100;191-049100-3;4;59900;2,4;
191-049100;191-049100-6;9;59900;2,39;
191-049100;191-049100-4;5;59900;2,44;
191-049100;191-049100-11;4;59900;2,42;
191-057050;191-057050-4;1;49700;1,5;
191-038030;191-038030-4;1;23900;1,41;195-039030
191-038050;191-038050-7;1;39900;1,5;192-038100
191-038050;191-038050-1;1;39900;1,46;192-038100
191-038050;191-038050-4;1;39900;1,62;192-038100
195-041050;195-041050-14;3;48900;1,79;802-00821,904-00821
195-041050;195-041050-8;1;48900;1,63;802-00821,904-00821
195-050050;195-050050-14;1;39100;1,94;191-050025
195-050050;195-050050-8;1;39100;1,87;191-050025
195-036025;195-036025-14;3;17100;1,67;195-037100,195-018010,195-033050,195-035025
195-034025;195-034025-14;2;17500;1,96;192-043050,191-043025
195-033050;195-033050-13;2;29900;1,77;195-037100,195-018010,195-035025,195-036025
195-037100;195-037100-13;17;59900;2,13;195-018010,195-033050,195-035025,195-036025
SR-B04089L;SR-B04089L-6;1;394950;4,12;
JYR40935L;JYR40935L-1;2;22950;6,18;JYN50824L,JYE50824L
JYR40935L;JYR40935L-6;1;22950;6,11;JYN50824L,JYE50824L
JYR40935L;JYR40935L-4;1;22950;6,11;JYN50824L,JYE50824L
JYN50824L;JYN50824L-14;2;14900;2,29;JYE50824L,JYR40935L
JYG40646L;JYG40646L-3;4;37900;14,06;JYR30831L,JYE30831L
JYR30831L;JYR30831L-6;3;15950;3,48;JYE30831L,JYG40646L
JYR30831L;JYR30831L-4;2;15950;3,49;JYE30831L,JYG40646L
JYG40646L;JYG40646L-4;1;37900;14,04;JYR30831L,JYE30831L
JYE30831L;JYE30831L;6;22950;5,32;JYR30831L,JYG40646L
JYE50824L;JYE50824L;19;16900;1,81;JYN50824L,JYR40935L
JYE40225L;JYE40225L;5;33900;1,64;JYN40225L
JYN51246L;JYN51246L-14;6;45900;2,9;JYR51246L,JYE51246L
JYN40225L;JYN40225L-47;6;37900;2,47;JYE40225L
JYN30839L;JYN30839L-47;6;39950;2,7;JYR60415L,JYE51118L
JYR60336L;JYR60336L-1;2;39950;2,46;
JYR60336L;JYR60336L-6;3;39950;2,45;
JYR60336L;JYR60336L-4;2;39950;2,45;
JYE50576L;JYE50576L;20;29900;2,65;JYN50576L,JYR50576L,JYB50576L
JYE60328L;JYE60328L;20;29900;4,62;JYG60328L,JYN60328L
JYE51246L;JYE51246L;19;37900;1,86;JYN51246L,JYR51246L
JYR51246L;JYR51246L-1;2;49900;2,6;JYN51246L,JYE51246L
JYR51246L;JYR51246L-6;2;49900;2,6;JYN51246L,JYE51246L
JYR51246L;JYR51246L-4;2;49900;2,63;JYN51246L,JYE51246L
JYR50576L;JYR50576L-1;1;19950;1,73;JYE50576L,JYN50576L
JYR50576L;JYR50576L-6;1;19950;1,73;JYE50576L,JYN50576L
JYR50576L;JYR50576L-4;3;19950;1,75;JYE50576L,JYN50576L
JYG60328L;JYG60328L-7;1;49950;13,43;JYN60328L,JYE60328L
JYG60328L;JYG60328L-3;3;49950;13,5;JYN60328L,JYE60328L
JYG60328L;JYG60328L-4;3;49950;13,5;JYN60328L,JYE60328L
JYN50576L;JYN50576L-47;6;24900;2,62;JYE50576L,JYR50576L,JYB50576L
JYN60328L;JYN60328L-47;7;33900;5,77;JYG60328L,JYE60328L
JYR210070L;JYR210070L-6;6;59500;5,86;
JYR60415L;JYR60415L-1;2;49950;2,5;JYE51118L,JYN30839L
JYR60415L;JYR60415L-6;2;49950;2,51;JYE51118L,JYN30839L
JYR60415L;JYR60415L-4;2;49950;2,49;JYE51118L,JYN30839L
JYE51118L;JYE51118L;20;59400;1,58;JYR60415L,JYN30839L
JYB50576L;JYB50576L-5;6;39950;3,37;JYN50576L,JYE50576L
JYE60210L;JYE60210L;7;59500;1,65;
SR-B04090L;SR-B04090L-1;1;149950;2,65;
SR-B04091L;SR-B04091L-6;1;294950;3,48;
Sh2,0-bk;Sh2,0-bk-18;1;960;1,83;
